USE [LUNARSOFT_DB]
GO
/****** Object:  Table [dbo].[ARTICULOS]    Script Date: 11/12/2021 17:09:48 ******/
SET ANSI_NULLS ON
GO
SET QUOTED_IDENTIFIER ON
GO
CREATE TABLE [dbo].[ARTICULOS](
	[ID] [int] IDENTITY(1,1) NOT NULL,
	[NOMBRE] [varchar](100) NOT NULL,
	[PRECIO] [money] NOT NULL,
	[IMAGEN] [varchar](1000) NOT NULL,
	[STOCK] [int] NOT NULL,
	[ID_CATEGORIA] [int] NOT NULL,
	[ID_COMPOSICION] [int] NOT NULL,
	[ID_MEDIDA] [int] NOT NULL,
	[ID_ESTILO] [int] NOT NULL,
	[ID_COLOR] [int] NOT NULL,
	[VISIBLE] [bit] NULL,
PRIMARY KEY CLUSTERED 
(
	[ID] ASC
)WITH (PAD_INDEX = OFF, STATISTICS_NORECOMPUTE = OFF, IGNORE_DUP_KEY = OFF, ALLOW_ROW_LOCKS = ON, ALLOW_PAGE_LOCKS = ON, OPTIMIZE_FOR_SEQUENTIAL_KEY = OFF) ON [PRIMARY]
) ON [PRIMARY]
GO
/****** Object:  Table [dbo].[ARTICULOS_X_VENTAS]    Script Date: 11/12/2021 17:09:48 ******/
SET ANSI_NULLS ON
GO
SET QUOTED_IDENTIFIER ON
GO
CREATE TABLE [dbo].[ARTICULOS_X_VENTAS](
	[ID_ARTICULO] [int] NOT NULL,
	[ID_VENTA] [int] NOT NULL,
	[CANTIDAD] [int] NOT NULL,
	[PRECIO_UNITARIO] [money] NOT NULL,
PRIMARY KEY CLUSTERED 
(
	[ID_ARTICULO] ASC,
	[ID_VENTA] ASC
)WITH (PAD_INDEX = OFF, STATISTICS_NORECOMPUTE = OFF, IGNORE_DUP_KEY = OFF, ALLOW_ROW_LOCKS = ON, ALLOW_PAGE_LOCKS = ON, OPTIMIZE_FOR_SEQUENTIAL_KEY = OFF) ON [PRIMARY]
) ON [PRIMARY]
GO
/****** Object:  Table [dbo].[CATEGORIAS]    Script Date: 11/12/2021 17:09:48 ******/
SET ANSI_NULLS ON
GO
SET QUOTED_IDENTIFIER ON
GO
CREATE TABLE [dbo].[CATEGORIAS](
	[ID] [int] IDENTITY(1,1) NOT NULL,
	[NOMBRE] [varchar](50) NOT NULL,
	[VISIBLE] [bit] NULL,
PRIMARY KEY CLUSTERED 
(
	[ID] ASC
)WITH (PAD_INDEX = OFF, STATISTICS_NORECOMPUTE = OFF, IGNORE_DUP_KEY = OFF, ALLOW_ROW_LOCKS = ON, ALLOW_PAGE_LOCKS = ON, OPTIMIZE_FOR_SEQUENTIAL_KEY = OFF) ON [PRIMARY]
) ON [PRIMARY]
GO
/****** Object:  Table [dbo].[COLORES]    Script Date: 11/12/2021 17:09:48 ******/
SET ANSI_NULLS ON
GO
SET QUOTED_IDENTIFIER ON
GO
CREATE TABLE [dbo].[COLORES](
	[ID] [int] IDENTITY(1,1) NOT NULL,
	[NOMBRE] [varchar](100) NOT NULL,
	[CODIGO] [varchar](50) NOT NULL,
	[VISIBLE] [bit] NULL,
PRIMARY KEY CLUSTERED 
(
	[ID] ASC
)WITH (PAD_INDEX = OFF, STATISTICS_NORECOMPUTE = OFF, IGNORE_DUP_KEY = OFF, ALLOW_ROW_LOCKS = ON, ALLOW_PAGE_LOCKS = ON, OPTIMIZE_FOR_SEQUENTIAL_KEY = OFF) ON [PRIMARY]
) ON [PRIMARY]
GO
/****** Object:  Table [dbo].[COMPOSICIONES]    Script Date: 11/12/2021 17:09:48 ******/
SET ANSI_NULLS ON
GO
SET QUOTED_IDENTIFIER ON
GO
CREATE TABLE [dbo].[COMPOSICIONES](
	[ID] [int] IDENTITY(1,1) NOT NULL,
	[NOMBRE] [varchar](50) NOT NULL,
PRIMARY KEY CLUSTERED 
(
	[ID] ASC
)WITH (PAD_INDEX = OFF, STATISTICS_NORECOMPUTE = OFF, IGNORE_DUP_KEY = OFF, ALLOW_ROW_LOCKS = ON, ALLOW_PAGE_LOCKS = ON, OPTIMIZE_FOR_SEQUENTIAL_KEY = OFF) ON [PRIMARY]
) ON [PRIMARY]
GO
/****** Object:  Table [dbo].[DESCRIPCION_DE_ARTICULOS]    Script Date: 11/12/2021 17:09:48 ******/
SET ANSI_NULLS ON
GO
SET QUOTED_IDENTIFIER ON
GO
CREATE TABLE [dbo].[DESCRIPCION_DE_ARTICULOS](
	[ID] [int] IDENTITY(1,1) NOT NULL,
	[ID_ARTICULO] [int] NOT NULL,
	[DESCRIPCION] [varchar](400) NOT NULL,
PRIMARY KEY CLUSTERED 
(
	[ID] ASC
)WITH (PAD_INDEX = OFF, STATISTICS_NORECOMPUTE = OFF, IGNORE_DUP_KEY = OFF, ALLOW_ROW_LOCKS = ON, ALLOW_PAGE_LOCKS = ON, OPTIMIZE_FOR_SEQUENTIAL_KEY = OFF) ON [PRIMARY]
) ON [PRIMARY]
GO
/****** Object:  Table [dbo].[ESTADOS]    Script Date: 11/12/2021 17:09:48 ******/
SET ANSI_NULLS ON
GO
SET QUOTED_IDENTIFIER ON
GO
CREATE TABLE [dbo].[ESTADOS](
	[ID] [int] IDENTITY(1,1) NOT NULL,
	[NOMBRE] [varchar](50) NOT NULL,
PRIMARY KEY CLUSTERED 
(
	[ID] ASC
)WITH (PAD_INDEX = OFF, STATISTICS_NORECOMPUTE = OFF, IGNORE_DUP_KEY = OFF, ALLOW_ROW_LOCKS = ON, ALLOW_PAGE_LOCKS = ON, OPTIMIZE_FOR_SEQUENTIAL_KEY = OFF) ON [PRIMARY]
) ON [PRIMARY]
GO
/****** Object:  Table [dbo].[ESTILOS]    Script Date: 11/12/2021 17:09:48 ******/
SET ANSI_NULLS ON
GO
SET QUOTED_IDENTIFIER ON
GO
CREATE TABLE [dbo].[ESTILOS](
	[ID] [int] IDENTITY(1,1) NOT NULL,
	[NOMBRE] [varchar](50) NOT NULL,
	[VISIBLE] [bit] NULL,
PRIMARY KEY CLUSTERED 
(
	[ID] ASC
)WITH (PAD_INDEX = OFF, STATISTICS_NORECOMPUTE = OFF, IGNORE_DUP_KEY = OFF, ALLOW_ROW_LOCKS = ON, ALLOW_PAGE_LOCKS = ON, OPTIMIZE_FOR_SEQUENTIAL_KEY = OFF) ON [PRIMARY]
) ON [PRIMARY]
GO
/****** Object:  Table [dbo].[MEDIDAS]    Script Date: 11/12/2021 17:09:48 ******/
SET ANSI_NULLS ON
GO
SET QUOTED_IDENTIFIER ON
GO
CREATE TABLE [dbo].[MEDIDAS](
	[ID] [int] IDENTITY(1,1) NOT NULL,
	[NOMBRE] [varchar](50) NULL,
	[LARGO_CM] [varchar](50) NULL,
	[ANCHO_CM] [varchar](50) NULL,
PRIMARY KEY CLUSTERED 
(
	[ID] ASC
)WITH (PAD_INDEX = OFF, STATISTICS_NORECOMPUTE = OFF, IGNORE_DUP_KEY = OFF, ALLOW_ROW_LOCKS = ON, ALLOW_PAGE_LOCKS = ON, OPTIMIZE_FOR_SEQUENTIAL_KEY = OFF) ON [PRIMARY]
) ON [PRIMARY]
GO
/****** Object:  Table [dbo].[MEDIOS_DE_PAGO]    Script Date: 11/12/2021 17:09:48 ******/
SET ANSI_NULLS ON
GO
SET QUOTED_IDENTIFIER ON
GO
CREATE TABLE [dbo].[MEDIOS_DE_PAGO](
	[ID] [int] IDENTITY(1,1) NOT NULL,
	[NOMBRE] [varchar](100) NOT NULL,
PRIMARY KEY CLUSTERED 
(
	[ID] ASC
)WITH (PAD_INDEX = OFF, STATISTICS_NORECOMPUTE = OFF, IGNORE_DUP_KEY = OFF, ALLOW_ROW_LOCKS = ON, ALLOW_PAGE_LOCKS = ON, OPTIMIZE_FOR_SEQUENTIAL_KEY = OFF) ON [PRIMARY]
) ON [PRIMARY]
GO
/****** Object:  Table [dbo].[USUARIOS]    Script Date: 11/12/2021 17:09:48 ******/
SET ANSI_NULLS ON
GO
SET QUOTED_IDENTIFIER ON
GO
CREATE TABLE [dbo].[USUARIOS](
	[ID] [int] IDENTITY(1,1) NOT NULL,
	[MAIL] [varchar](50) NOT NULL,
	[CONTRASEÑA] [varchar](50) NOT NULL,
	[NOMBRE] [varchar](50) NOT NULL,
	[APELLIDO] [varchar](50) NOT NULL,
	[NACIMIENTO] [date] NULL,
	[TELEFONO] [varchar](50) NULL,
	[DNI] [varchar](50) NULL,
PRIMARY KEY CLUSTERED 
(
	[ID] ASC
)WITH (PAD_INDEX = OFF, STATISTICS_NORECOMPUTE = OFF, IGNORE_DUP_KEY = OFF, ALLOW_ROW_LOCKS = ON, ALLOW_PAGE_LOCKS = ON, OPTIMIZE_FOR_SEQUENTIAL_KEY = OFF) ON [PRIMARY]
) ON [PRIMARY]
GO
/****** Object:  Table [dbo].[VENTAS]    Script Date: 11/12/2021 17:09:48 ******/
SET ANSI_NULLS ON
GO
SET QUOTED_IDENTIFIER ON
GO
CREATE TABLE [dbo].[VENTAS](
	[ID] [int] IDENTITY(1,1) NOT NULL,
	[FECHA] [date] NOT NULL,
	[ID_USUARIO] [int] NOT NULL,
	[ID_ESTADO] [int] NOT NULL,
	[ID_MPAGO] [int] NOT NULL,
PRIMARY KEY CLUSTERED 
(
	[ID] ASC
)WITH (PAD_INDEX = OFF, STATISTICS_NORECOMPUTE = OFF, IGNORE_DUP_KEY = OFF, ALLOW_ROW_LOCKS = ON, ALLOW_PAGE_LOCKS = ON, OPTIMIZE_FOR_SEQUENTIAL_KEY = OFF) ON [PRIMARY]
) ON [PRIMARY]
GO
SET IDENTITY_INSERT [dbo].[ARTICULOS] ON 
GO
INSERT [dbo].[ARTICULOS] ([ID], [NOMBRE], [PRECIO], [IMAGEN], [STOCK], [ID_CATEGORIA], [ID_COMPOSICION], [ID_MEDIDA], [ID_ESTILO], [ID_COLOR], [VISIBLE]) VALUES (1, N'Juego de Sábanas Queen Size Liso', 7000.0000, N'https://arredo.vteximg.com.br/arquivos/ids/233228-800-800/10014Q00041-H_0.jpg?v=637689664077400000', 1000, 1, 3, 2, 1, 1, 1)
GO
INSERT [dbo].[ARTICULOS] ([ID], [NOMBRE], [PRECIO], [IMAGEN], [STOCK], [ID_CATEGORIA], [ID_COMPOSICION], [ID_MEDIDA], [ID_ESTILO], [ID_COLOR], [VISIBLE]) VALUES (2, N'Juego de Sábanas Queen Size Liso', 7000.0000, N'https://arredo.vteximg.com.br/arquivos/ids/217560-800-800/10034Q00204-AC_0.jpg?v=637638521669770000', 100, 1, 3, 3, 1, 9, 1)
GO
INSERT [dbo].[ARTICULOS] ([ID], [NOMBRE], [PRECIO], [IMAGEN], [STOCK], [ID_CATEGORIA], [ID_COMPOSICION], [ID_MEDIDA], [ID_ESTILO], [ID_COLOR], [VISIBLE]) VALUES (3, N'Juego de Sábanas Queen Rayas', 9500.0000, N'https://arredo.vteximg.com.br/arquivos/ids/210705-800-800/10034X06709-GO_0.jpg?v=637604991864170000', 100, 1, 3, 3, 2, 3, 1)
GO
INSERT [dbo].[ARTICULOS] ([ID], [NOMBRE], [PRECIO], [IMAGEN], [STOCK], [ID_CATEGORIA], [ID_COMPOSICION], [ID_MEDIDA], [ID_ESTILO], [ID_COLOR], [VISIBLE]) VALUES (4, N'Juego de Sábanas Queen Size Rayas', 8000.0000, N'https://arredo.vteximg.com.br/arquivos/ids/226672-800-800/10034Q07548-A_0.jpg?v=637649162511930000', 100, 1, 3, 3, 2, 1, 1)
GO
INSERT [dbo].[ARTICULOS] ([ID], [NOMBRE], [PRECIO], [IMAGEN], [STOCK], [ID_CATEGORIA], [ID_COMPOSICION], [ID_MEDIDA], [ID_ESTILO], [ID_COLOR], [VISIBLE]) VALUES (5, N'Juego de Sábanas 1 Plaza ', 3500.0000, N'https://arredo.vteximg.com.br/arquivos/ids/223161-800-800/10113U17375-GO_0.jpg?v=637638648711100000', 100, 1, 2, 1, 3, 1, 1)
GO
INSERT [dbo].[ARTICULOS] ([ID], [NOMBRE], [PRECIO], [IMAGEN], [STOCK], [ID_CATEGORIA], [ID_COMPOSICION], [ID_MEDIDA], [ID_ESTILO], [ID_COLOR], [VISIBLE]) VALUES (6, N'Juego de Sábanas King Size', 10000.0000, N'https://arredo.vteximg.com.br/arquivos/ids/220386-800-800/10114K10041-R_0.jpg?v=637638569139000000', 100, 1, 3, 4, 2, 4, 1)
GO
INSERT [dbo].[ARTICULOS] ([ID], [NOMBRE], [PRECIO], [IMAGEN], [STOCK], [ID_CATEGORIA], [ID_COMPOSICION], [ID_MEDIDA], [ID_ESTILO], [ID_COLOR], [VISIBLE]) VALUES (7, N'Acolchado Queen Size', 10500.0000, N'https://arredo.vteximg.com.br/arquivos/ids/222300-800-800/22001Q20021-AP_0.jpg?v=637638616929170000', 100, 2, 2, 3, 3, 14, 1)
GO
INSERT [dbo].[ARTICULOS] ([ID], [NOMBRE], [PRECIO], [IMAGEN], [STOCK], [ID_CATEGORIA], [ID_COMPOSICION], [ID_MEDIDA], [ID_ESTILO], [ID_COLOR], [VISIBLE]) VALUES (8, N'Acolchado King Size', 14000.0000, N'https://arredo.vteximg.com.br/arquivos/ids/217727-800-800/20001K06875-RV_0.jpg?v=637638522538070000', 100, 2, 3, 4, 2, 4, 1)
GO
INSERT [dbo].[ARTICULOS] ([ID], [NOMBRE], [PRECIO], [IMAGEN], [STOCK], [ID_CATEGORIA], [ID_COMPOSICION], [ID_MEDIDA], [ID_ESTILO], [ID_COLOR], [VISIBLE]) VALUES (9, N'Acolchado 1 Plaza Reversible', 7000.0000, N'https://arredo.vteximg.com.br/arquivos/ids/222209-800-800/20021U07241-AR_5.jpg?v=637638615227100000', 100, 2, 2, 1, 2, 9, 1)
GO
INSERT [dbo].[ARTICULOS] ([ID], [NOMBRE], [PRECIO], [IMAGEN], [STOCK], [ID_CATEGORIA], [ID_COMPOSICION], [ID_MEDIDA], [ID_ESTILO], [ID_COLOR], [VISIBLE]) VALUES (10, N'Almohada Queen Size', 3000.0000, N'https://arredo.vteximg.com.br/arquivos/ids/233821-800-800/42001U07045-H_0.jpg?v=637696658118070000', 100, 3, 1, 6, 1, 1, 1)
GO
INSERT [dbo].[ARTICULOS] ([ID], [NOMBRE], [PRECIO], [IMAGEN], [STOCK], [ID_CATEGORIA], [ID_COMPOSICION], [ID_MEDIDA], [ID_ESTILO], [ID_COLOR], [VISIBLE]) VALUES (11, N'Almohada Queen Size', 3000.0000, N'https://arredo.vteximg.com.br/arquivos/ids/219605-800-800/40901Q00041-R_0.jpg?v=637638544247030000', 100, 3, 1, 6, 2, 4, 1)
GO
SET IDENTITY_INSERT [dbo].[ARTICULOS] OFF
GO
INSERT [dbo].[ARTICULOS_X_VENTAS] ([ID_ARTICULO], [ID_VENTA], [CANTIDAD], [PRECIO_UNITARIO]) VALUES (1, 1, 1, 7000.0000)
GO
INSERT [dbo].[ARTICULOS_X_VENTAS] ([ID_ARTICULO], [ID_VENTA], [CANTIDAD], [PRECIO_UNITARIO]) VALUES (2, 1, 1, 7000.0000)
GO
INSERT [dbo].[ARTICULOS_X_VENTAS] ([ID_ARTICULO], [ID_VENTA], [CANTIDAD], [PRECIO_UNITARIO]) VALUES (8, 2, 2, 14000.0000)
GO
INSERT [dbo].[ARTICULOS_X_VENTAS] ([ID_ARTICULO], [ID_VENTA], [CANTIDAD], [PRECIO_UNITARIO]) VALUES (9, 3, 1, 7000.0000)
GO
INSERT [dbo].[ARTICULOS_X_VENTAS] ([ID_ARTICULO], [ID_VENTA], [CANTIDAD], [PRECIO_UNITARIO]) VALUES (10, 4, 1, 3000.0000)
GO
SET IDENTITY_INSERT [dbo].[CATEGORIAS] ON 
GO
INSERT [dbo].[CATEGORIAS] ([ID], [NOMBRE], [VISIBLE]) VALUES (1, N'Sábanas', 1)
GO
INSERT [dbo].[CATEGORIAS] ([ID], [NOMBRE], [VISIBLE]) VALUES (2, N'Acolchados', 1)
GO
INSERT [dbo].[CATEGORIAS] ([ID], [NOMBRE], [VISIBLE]) VALUES (3, N'Almohadas', 1)
GO
INSERT [dbo].[CATEGORIAS] ([ID], [NOMBRE], [VISIBLE]) VALUES (5, N'Medias', 1)
GO
SET IDENTITY_INSERT [dbo].[CATEGORIAS] OFF
GO
SET IDENTITY_INSERT [dbo].[COLORES] ON 
GO
INSERT [dbo].[COLORES] ([ID], [NOMBRE], [CODIGO], [VISIBLE]) VALUES (1, N'blanco', N'#F9F9F9', 1)
GO
INSERT [dbo].[COLORES] ([ID], [NOMBRE], [CODIGO], [VISIBLE]) VALUES (2, N'negro', N'#000000', 1)
GO
INSERT [dbo].[COLORES] ([ID], [NOMBRE], [CODIGO], [VISIBLE]) VALUES (3, N'gris', N'#999894', 1)
GO
INSERT [dbo].[COLORES] ([ID], [NOMBRE], [CODIGO], [VISIBLE]) VALUES (4, N'rosa', N'#e84d8c', 1)
GO
INSERT [dbo].[COLORES] ([ID], [NOMBRE], [CODIGO], [VISIBLE]) VALUES (5, N'rojo', N'#f70801', 1)
GO
INSERT [dbo].[COLORES] ([ID], [NOMBRE], [CODIGO], [VISIBLE]) VALUES (6, N'lila', N'#d3bcf6', 1)
GO
INSERT [dbo].[COLORES] ([ID], [NOMBRE], [CODIGO], [VISIBLE]) VALUES (7, N'amarillo', N'#f5d200', 1)
GO
INSERT [dbo].[COLORES] ([ID], [NOMBRE], [CODIGO], [VISIBLE]) VALUES (8, N'verde', N'#72bd50', 1)
GO
INSERT [dbo].[COLORES] ([ID], [NOMBRE], [CODIGO], [VISIBLE]) VALUES (9, N'azul', N'#4181ed', 1)
GO
INSERT [dbo].[COLORES] ([ID], [NOMBRE], [CODIGO], [VISIBLE]) VALUES (10, N'violeta', N'#522d83', 1)
GO
INSERT [dbo].[COLORES] ([ID], [NOMBRE], [CODIGO], [VISIBLE]) VALUES (11, N'marron', N'#946840', 1)
GO
INSERT [dbo].[COLORES] ([ID], [NOMBRE], [CODIGO], [VISIBLE]) VALUES (12, N'naranja', N'#f79115', 1)
GO
INSERT [dbo].[COLORES] ([ID], [NOMBRE], [CODIGO], [VISIBLE]) VALUES (13, N'turquesa', N'#67baad', 1)
GO
INSERT [dbo].[COLORES] ([ID], [NOMBRE], [CODIGO], [VISIBLE]) VALUES (14, N'celeste', N'#40afdd', 1)
GO
INSERT [dbo].[COLORES] ([ID], [NOMBRE], [CODIGO], [VISIBLE]) VALUES (16, N'cobrizo', N'asdfa', NULL)
GO
SET IDENTITY_INSERT [dbo].[COLORES] OFF
GO
SET IDENTITY_INSERT [dbo].[COMPOSICIONES] ON 
GO
INSERT [dbo].[COMPOSICIONES] ([ID], [NOMBRE]) VALUES (1, N'Algodón')
GO
INSERT [dbo].[COMPOSICIONES] ([ID], [NOMBRE]) VALUES (3, N'Algodón y Poliéster')
GO
INSERT [dbo].[COMPOSICIONES] ([ID], [NOMBRE]) VALUES (2, N'Poliéster')
GO
SET IDENTITY_INSERT [dbo].[COMPOSICIONES] OFF
GO
SET IDENTITY_INSERT [dbo].[DESCRIPCION_DE_ARTICULOS] ON 
GO
INSERT [dbo].[DESCRIPCION_DE_ARTICULOS] ([ID], [ID_ARTICULO], [DESCRIPCION]) VALUES (1, 1, N'Lo mejor para el hogar!')
GO
INSERT [dbo].[DESCRIPCION_DE_ARTICULOS] ([ID], [ID_ARTICULO], [DESCRIPCION]) VALUES (2, 2, N'Lo mejor para el hogar!')
GO
INSERT [dbo].[DESCRIPCION_DE_ARTICULOS] ([ID], [ID_ARTICULO], [DESCRIPCION]) VALUES (3, 3, N'Lo mejor para el hogar!')
GO
INSERT [dbo].[DESCRIPCION_DE_ARTICULOS] ([ID], [ID_ARTICULO], [DESCRIPCION]) VALUES (4, 4, N'Lo mejor para el hogar!')
GO
INSERT [dbo].[DESCRIPCION_DE_ARTICULOS] ([ID], [ID_ARTICULO], [DESCRIPCION]) VALUES (5, 5, N'Lo mejor para el hogar!')
GO
INSERT [dbo].[DESCRIPCION_DE_ARTICULOS] ([ID], [ID_ARTICULO], [DESCRIPCION]) VALUES (6, 6, N'Lo mejor para el hogar!')
GO
INSERT [dbo].[DESCRIPCION_DE_ARTICULOS] ([ID], [ID_ARTICULO], [DESCRIPCION]) VALUES (7, 7, N'Lo mejor para el hogar!')
GO
INSERT [dbo].[DESCRIPCION_DE_ARTICULOS] ([ID], [ID_ARTICULO], [DESCRIPCION]) VALUES (8, 8, N'Lo mejor para el hogar!')
GO
INSERT [dbo].[DESCRIPCION_DE_ARTICULOS] ([ID], [ID_ARTICULO], [DESCRIPCION]) VALUES (9, 9, N'Lo mejor para el hogar!')
GO
INSERT [dbo].[DESCRIPCION_DE_ARTICULOS] ([ID], [ID_ARTICULO], [DESCRIPCION]) VALUES (10, 10, N'Lo mejor para el hogar!')
GO
INSERT [dbo].[DESCRIPCION_DE_ARTICULOS] ([ID], [ID_ARTICULO], [DESCRIPCION]) VALUES (11, 11, N'Lo mejor para el hogar!')
GO
SET IDENTITY_INSERT [dbo].[DESCRIPCION_DE_ARTICULOS] OFF
GO
SET IDENTITY_INSERT [dbo].[ESTADOS] ON 
GO
INSERT [dbo].[ESTADOS] ([ID], [NOMBRE]) VALUES (1, N'En preparación')
GO
INSERT [dbo].[ESTADOS] ([ID], [NOMBRE]) VALUES (3, N'Entregado')
GO
INSERT [dbo].[ESTADOS] ([ID], [NOMBRE]) VALUES (2, N'Enviado')
GO
SET IDENTITY_INSERT [dbo].[ESTADOS] OFF
GO
SET IDENTITY_INSERT [dbo].[ESTILOS] ON 
GO
INSERT [dbo].[ESTILOS] ([ID], [NOMBRE], [VISIBLE]) VALUES (1, N'Liso', 1)
GO
INSERT [dbo].[ESTILOS] ([ID], [NOMBRE], [VISIBLE]) VALUES (2, N'Estampado', 1)
GO
INSERT [dbo].[ESTILOS] ([ID], [NOMBRE], [VISIBLE]) VALUES (3, N'Rayado', 1)
GO
INSERT [dbo].[ESTILOS] ([ID], [NOMBRE], [VISIBLE]) VALUES (4, N'cuadriculado', 1)
GO
INSERT [dbo].[ESTILOS] ([ID], [NOMBRE], [VISIBLE]) VALUES (8, N'raro', NULL)
GO
SET IDENTITY_INSERT [dbo].[ESTILOS] OFF
GO
SET IDENTITY_INSERT [dbo].[MEDIDAS] ON 
GO
INSERT [dbo].[MEDIDAS] ([ID], [NOMBRE], [LARGO_CM], [ANCHO_CM]) VALUES (1, N'1 plaza', N'190', N'100')
GO
INSERT [dbo].[MEDIDAS] ([ID], [NOMBRE], [LARGO_CM], [ANCHO_CM]) VALUES (2, N'2 plazas', N'190', N'135')
GO
INSERT [dbo].[MEDIDAS] ([ID], [NOMBRE], [LARGO_CM], [ANCHO_CM]) VALUES (3, N'Queen ', N'190', N'150')
GO
INSERT [dbo].[MEDIDAS] ([ID], [NOMBRE], [LARGO_CM], [ANCHO_CM]) VALUES (4, N'King', N'190', N'200')
GO
INSERT [dbo].[MEDIDAS] ([ID], [NOMBRE], [LARGO_CM], [ANCHO_CM]) VALUES (5, NULL, N'40', N'70')
GO
INSERT [dbo].[MEDIDAS] ([ID], [NOMBRE], [LARGO_CM], [ANCHO_CM]) VALUES (6, NULL, N'50', N'70')
GO
INSERT [dbo].[MEDIDAS] ([ID], [NOMBRE], [LARGO_CM], [ANCHO_CM]) VALUES (7, NULL, N'50', N'90')
GO
SET IDENTITY_INSERT [dbo].[MEDIDAS] OFF
GO
SET IDENTITY_INSERT [dbo].[MEDIOS_DE_PAGO] ON 
GO
INSERT [dbo].[MEDIOS_DE_PAGO] ([ID], [NOMBRE]) VALUES (1, N'EFECTIVO')
GO
INSERT [dbo].[MEDIOS_DE_PAGO] ([ID], [NOMBRE]) VALUES (2, N'VISA DÉBITO')
GO
INSERT [dbo].[MEDIOS_DE_PAGO] ([ID], [NOMBRE]) VALUES (3, N'MAESTRO')
GO
INSERT [dbo].[MEDIOS_DE_PAGO] ([ID], [NOMBRE]) VALUES (4, N'VISA CRÉDITO')
GO
INSERT [dbo].[MEDIOS_DE_PAGO] ([ID], [NOMBRE]) VALUES (5, N'MASTERCARD CRÉDITO')
GO
INSERT [dbo].[MEDIOS_DE_PAGO] ([ID], [NOMBRE]) VALUES (6, N'AMERICAN EXPRESS CREDITO')
GO
INSERT [dbo].[MEDIOS_DE_PAGO] ([ID], [NOMBRE]) VALUES (7, N'MC-DEBIT')
GO
SET IDENTITY_INSERT [dbo].[MEDIOS_DE_PAGO] OFF
GO
SET IDENTITY_INSERT [dbo].[USUARIOS] ON 
GO
INSERT [dbo].[USUARIOS] ([ID], [MAIL], [CONTRASEÑA], [NOMBRE], [APELLIDO], [NACIMIENTO], [TELEFONO], [DNI]) VALUES (1, N'admin@gmail.com', N'admin', N'admin', N'admin', CAST(N'1997-11-20' AS Date), N'0123456789', N'11111111')
GO
INSERT [dbo].[USUARIOS] ([ID], [MAIL], [CONTRASEÑA], [NOMBRE], [APELLIDO], [NACIMIENTO], [TELEFONO], [DNI]) VALUES (2, N'tomas.dias@gmail.com', N'123456', N'tomas', N'diaz', CAST(N'1997-11-20' AS Date), N'1517756815', N'40135346')
GO
INSERT [dbo].[USUARIOS] ([ID], [MAIL], [CONTRASEÑA], [NOMBRE], [APELLIDO], [NACIMIENTO], [TELEFONO], [DNI]) VALUES (3, N'ljvillalva@gmail.com', N'123456', N'lautaro', N'villalva', CAST(N'1997-01-18' AS Date), N'1537756615', N'40130286')
GO
INSERT [dbo].[USUARIOS] ([ID], [MAIL], [CONTRASEÑA], [NOMBRE], [APELLIDO], [NACIMIENTO], [TELEFONO], [DNI]) VALUES (4, N'ayepe@gmail.com', N'123456', N'ayelen', N'perez', CAST(N'1997-10-07' AS Date), N'1583729481', N'40861673')
GO
INSERT [dbo].[USUARIOS] ([ID], [MAIL], [CONTRASEÑA], [NOMBRE], [APELLIDO], [NACIMIENTO], [TELEFONO], [DNI]) VALUES (5, N'mleal@gmail.com', N'123456', N'marcos', N'leal', CAST(N'1997-04-09' AS Date), N'1506963211', N'41394282')
GO
INSERT [dbo].[USUARIOS] ([ID], [MAIL], [CONTRASEÑA], [NOMBRE], [APELLIDO], [NACIMIENTO], [TELEFONO], [DNI]) VALUES (6, N'franco.sol@hotmail.com', N'223456', N'sol', N'franco', CAST(N'1996-10-10' AS Date), N'1547592857', N'39104837')
GO
SET IDENTITY_INSERT [dbo].[USUARIOS] OFF
GO
SET IDENTITY_INSERT [dbo].[VENTAS] ON 
GO
INSERT [dbo].[VENTAS] ([ID], [FECHA], [ID_USUARIO], [ID_ESTADO], [ID_MPAGO]) VALUES (1, CAST(N'2020-06-10' AS Date), 2, 3, 3)
GO
INSERT [dbo].[VENTAS] ([ID], [FECHA], [ID_USUARIO], [ID_ESTADO], [ID_MPAGO]) VALUES (2, CAST(N'2020-06-11' AS Date), 3, 1, 4)
GO
INSERT [dbo].[VENTAS] ([ID], [FECHA], [ID_USUARIO], [ID_ESTADO], [ID_MPAGO]) VALUES (3, CAST(N'2020-06-12' AS Date), 4, 3, 5)
GO
INSERT [dbo].[VENTAS] ([ID], [FECHA], [ID_USUARIO], [ID_ESTADO], [ID_MPAGO]) VALUES (4, CAST(N'2020-06-13' AS Date), 5, 1, 6)
GO
INSERT [dbo].[VENTAS] ([ID], [FECHA], [ID_USUARIO], [ID_ESTADO], [ID_MPAGO]) VALUES (5, CAST(N'2020-06-14' AS Date), 6, 2, 7)
GO
SET IDENTITY_INSERT [dbo].[VENTAS] OFF
GO
SET ANSI_PADDING ON
GO
/****** Object:  Index [UQ__CATEGORI__B21D0AB974232D01]    Script Date: 11/12/2021 17:09:48 ******/
ALTER TABLE [dbo].[CATEGORIAS] ADD UNIQUE NONCLUSTERED 
(
	[NOMBRE] ASC
)WITH (PAD_INDEX = OFF, STATISTICS_NORECOMPUTE = OFF, SORT_IN_TEMPDB = OFF, IGNORE_DUP_KEY = OFF, ONLINE = OFF, ALLOW_ROW_LOCKS = ON, ALLOW_PAGE_LOCKS = ON, OPTIMIZE_FOR_SEQUENTIAL_KEY = OFF) ON [PRIMARY]
GO
SET ANSI_PADDING ON
GO
/****** Object:  Index [UQ__COLORES__B21D0AB96FC063CC]    Script Date: 11/12/2021 17:09:48 ******/
ALTER TABLE [dbo].[COLORES] ADD UNIQUE NONCLUSTERED 
(
	[NOMBRE] ASC
)WITH (PAD_INDEX = OFF, STATISTICS_NORECOMPUTE = OFF, SORT_IN_TEMPDB = OFF, IGNORE_DUP_KEY = OFF, ONLINE = OFF, ALLOW_ROW_LOCKS = ON, ALLOW_PAGE_LOCKS = ON, OPTIMIZE_FOR_SEQUENTIAL_KEY = OFF) ON [PRIMARY]
GO
SET ANSI_PADDING ON
GO
/****** Object:  Index [UQ__COMPOSIC__B21D0AB96B944722]    Script Date: 11/12/2021 17:09:48 ******/
ALTER TABLE [dbo].[COMPOSICIONES] ADD UNIQUE NONCLUSTERED 
(
	[NOMBRE] ASC
)WITH (PAD_INDEX = OFF, STATISTICS_NORECOMPUTE = OFF, SORT_IN_TEMPDB = OFF, IGNORE_DUP_KEY = OFF, ONLINE = OFF, ALLOW_ROW_LOCKS = ON, ALLOW_PAGE_LOCKS = ON, OPTIMIZE_FOR_SEQUENTIAL_KEY = OFF) ON [PRIMARY]
GO
/****** Object:  Index [UQ__DESCRIPC__41ADBDE4B8ACF9AE]    Script Date: 11/12/2021 17:09:48 ******/
ALTER TABLE [dbo].[DESCRIPCION_DE_ARTICULOS] ADD UNIQUE NONCLUSTERED 
(
	[ID_ARTICULO] ASC
)WITH (PAD_INDEX = OFF, STATISTICS_NORECOMPUTE = OFF, SORT_IN_TEMPDB = OFF, IGNORE_DUP_KEY = OFF, ONLINE = OFF, ALLOW_ROW_LOCKS = ON, ALLOW_PAGE_LOCKS = ON, OPTIMIZE_FOR_SEQUENTIAL_KEY = OFF) ON [PRIMARY]
GO
SET ANSI_PADDING ON
GO
/****** Object:  Index [UQ__ESTADOS__B21D0AB9F0D0FED0]    Script Date: 11/12/2021 17:09:48 ******/
ALTER TABLE [dbo].[ESTADOS] ADD UNIQUE NONCLUSTERED 
(
	[NOMBRE] ASC
)WITH (PAD_INDEX = OFF, STATISTICS_NORECOMPUTE = OFF, SORT_IN_TEMPDB = OFF, IGNORE_DUP_KEY = OFF, ONLINE = OFF, ALLOW_ROW_LOCKS = ON, ALLOW_PAGE_LOCKS = ON, OPTIMIZE_FOR_SEQUENTIAL_KEY = OFF) ON [PRIMARY]
GO
SET ANSI_PADDING ON
GO
/****** Object:  Index [UQ__ESTILOS__B21D0AB93239EFEA]    Script Date: 11/12/2021 17:09:48 ******/
ALTER TABLE [dbo].[ESTILOS] ADD UNIQUE NONCLUSTERED 
(
	[NOMBRE] ASC
)WITH (PAD_INDEX = OFF, STATISTICS_NORECOMPUTE = OFF, SORT_IN_TEMPDB = OFF, IGNORE_DUP_KEY = OFF, ONLINE = OFF, ALLOW_ROW_LOCKS = ON, ALLOW_PAGE_LOCKS = ON, OPTIMIZE_FOR_SEQUENTIAL_KEY = OFF) ON [PRIMARY]
GO
SET ANSI_PADDING ON
GO
/****** Object:  Index [UQ__USUARIOS__603F496BCE0D596C]    Script Date: 11/12/2021 17:09:48 ******/
ALTER TABLE [dbo].[USUARIOS] ADD UNIQUE NONCLUSTERED 
(
	[MAIL] ASC
)WITH (PAD_INDEX = OFF, STATISTICS_NORECOMPUTE = OFF, SORT_IN_TEMPDB = OFF, IGNORE_DUP_KEY = OFF, ONLINE = OFF, ALLOW_ROW_LOCKS = ON, ALLOW_PAGE_LOCKS = ON, OPTIMIZE_FOR_SEQUENTIAL_KEY = OFF) ON [PRIMARY]
GO
ALTER TABLE [dbo].[ARTICULOS]  WITH CHECK ADD FOREIGN KEY([ID_CATEGORIA])
REFERENCES [dbo].[CATEGORIAS] ([ID])
GO
ALTER TABLE [dbo].[ARTICULOS]  WITH CHECK ADD FOREIGN KEY([ID_COMPOSICION])
REFERENCES [dbo].[COMPOSICIONES] ([ID])
GO
ALTER TABLE [dbo].[ARTICULOS]  WITH CHECK ADD FOREIGN KEY([ID_COLOR])
REFERENCES [dbo].[COLORES] ([ID])
GO
ALTER TABLE [dbo].[ARTICULOS]  WITH CHECK ADD FOREIGN KEY([ID_ESTILO])
REFERENCES [dbo].[ESTILOS] ([ID])
GO
ALTER TABLE [dbo].[ARTICULOS]  WITH CHECK ADD FOREIGN KEY([ID_MEDIDA])
REFERENCES [dbo].[MEDIDAS] ([ID])
GO
ALTER TABLE [dbo].[ARTICULOS_X_VENTAS]  WITH CHECK ADD FOREIGN KEY([ID_ARTICULO])
REFERENCES [dbo].[ARTICULOS] ([ID])
GO
ALTER TABLE [dbo].[ARTICULOS_X_VENTAS]  WITH CHECK ADD FOREIGN KEY([ID_VENTA])
REFERENCES [dbo].[VENTAS] ([ID])
GO
ALTER TABLE [dbo].[DESCRIPCION_DE_ARTICULOS]  WITH CHECK ADD FOREIGN KEY([ID_ARTICULO])
REFERENCES [dbo].[ARTICULOS] ([ID])
GO
ALTER TABLE [dbo].[VENTAS]  WITH CHECK ADD FOREIGN KEY([ID_ESTADO])
REFERENCES [dbo].[ESTADOS] ([ID])
GO
ALTER TABLE [dbo].[VENTAS]  WITH CHECK ADD FOREIGN KEY([ID_MPAGO])
REFERENCES [dbo].[MEDIOS_DE_PAGO] ([ID])
GO
ALTER TABLE [dbo].[VENTAS]  WITH CHECK ADD FOREIGN KEY([ID_USUARIO])
REFERENCES [dbo].[USUARIOS] ([ID])
GO
ALTER TABLE [dbo].[ARTICULOS]  WITH CHECK ADD CHECK  (([STOCK]>(0)))
GO
ALTER TABLE [dbo].[ARTICULOS_X_VENTAS]  WITH CHECK ADD CHECK  (([CANTIDAD]>(0)))
GO
ALTER TABLE [dbo].[ARTICULOS_X_VENTAS]  WITH CHECK ADD CHECK  (([PRECIO_UNITARIO]>(0)))
GO
